source_file,source_model,python,python_version,summary,job_started,node,model_dir,result_dir,vllm_log,model_tag,vllm_model,dtype,enforce_eager,tool_call_parser,served_model_name,generation_config,enable_auto_tool_choice,host,architecture,max_model_len,model,fault,seed,range,output,project_dir,tau2_dir,domain,task_set,tasks,trials,max_steps,max_errors,agent,agent_model,user,user_model,save,concurrency,verbose
tau-calib-50-104705.out,tau-calib-50,/gpfs/projects/imt526a/ytmao/group2/envs/group2-agent/bin/python,Python 3.11.15,none found,,,,,,,,,,,,,,,,,,,,,,,,,,,,,,,,,,,,
qwen-calib-50-108234.out,qwen-calib-50,/gpfs/projects/imt526a/group2/envLLM/bin/python,Python 3.12.13,job_started=Fri May  8 15:59:06 PDT 2026; node=g023; model_dir=/gpfs/projects/imt526a/group2/agent-reliability/models/qwen2.5-7b-instruct; result_dir=/gpfs/projects/imt526a/group2/agent-reliability/results/qwen_vllm_calib_50_108234,Fri May  8 15:59:06 PDT 2026,g023,/gpfs/projects/imt526a/group2/agent-reliability/models/qwen2.5-7b-instruct,/gpfs/projects/imt526a/group2/agent-reliability/results/qwen_vllm_calib_50_108234,/gpfs/projects/imt526a/group2/agent-reliability/logs/vllm-qwen-108234.log,,,,,,,,,,,,,,,,,,,,,,,,,,,,,,,
vllm-qwen-108234.txt,qwen,,,served_model_name=Qwen/Qwen2.5-7B-Instruct; vllm_model=/gpfs/projects/imt526a/group2/agent-reliability/models/qwen2.5-7b-instruct; architecture=Qwen2ForCausalLM; max_model_len=32768; dtype=bfloat16; tool_call_parser=hermes; enforce_eager=True,,,,,,/gpfs/projects/imt526a/group2/agent-reliability/models/qwen2.5-7b-instruct,/gpfs/projects/imt526a/group2/agent-reliability/models/qwen2.5-7b-instruct,bfloat16,True,hermes,Qwen/Qwen2.5-7B-Instruct,vllm,True,127.0.0.1,Qwen2ForCausalLM,32768,,,,,,,,,,,,,,,,,,,,
qwen-calib-50-114405.out,qwen-calib-50,/gpfs/projects/imt526a/group2/envLLM/bin/python,Python 3.12.13,job_started=Wed May 13 13:45:18 PDT 2026; node=g023; model_dir=/gpfs/projects/imt526a/group2/agent-reliability/models/qwen2.5-7b-instruct; result_dir=/gpfs/projects/imt526a/group2/agent-reliability/results/qwen_vllm_calib_50_114405,Wed May 13 13:45:18 PDT 2026,g023,/gpfs/projects/imt526a/group2/agent-reliability/models/qwen2.5-7b-instruct,/gpfs/projects/imt526a/group2/agent-reliability/results/qwen_vllm_calib_50_114405,/gpfs/projects/imt526a/group2/agent-reliability/logs/vllm-qwen-114405.log,,,,,,,,,,,,,,,,,,,,,,,,,,,,,,,
qwen-calib-50-114547.out,qwen-calib-50,/gpfs/projects/imt526a/group2/envLLM/bin/python,Python 3.12.13,job_started=Wed May 13 15:43:08 PDT 2026; node=g019; model_dir=/gpfs/projects/imt526a/group2/agent-reliability/models/qwen2.5-7b-instruct; result_dir=/gpfs/projects/imt526a/group2/agent-reliability/results/qwen_vllm_calib_50_114547,Wed May 13 15:43:08 PDT 2026,g019,/gpfs/projects/imt526a/group2/agent-reliability/models/qwen2.5-7b-instruct,/gpfs/projects/imt526a/group2/agent-reliability/results/qwen_vllm_calib_50_114547,/gpfs/projects/imt526a/group2/agent-reliability/logs/vllm-qwen-114547.log,,,,,,,,,,,,,,,,,,,,,,,,,,,,,,,
vllm-qwen-114547.log,qwen,,,served_model_name=Qwen/Qwen2.5-7B-Instruct; vllm_model=/gpfs/projects/imt526a/group2/agent-reliability/models/qwen2.5-7b-instruct; architecture=Qwen2ForCausalLM; max_model_len=32768; dtype=bfloat16; tool_call_parser=hermes; enforce_eager=True,,,,,,/gpfs/projects/imt526a/group2/agent-reliability/models/qwen2.5-7b-instruct,/gpfs/projects/imt526a/group2/agent-reliability/models/qwen2.5-7b-instruct,bfloat16,True,hermes,Qwen/Qwen2.5-7B-Instruct,vllm,True,127.0.0.1,Qwen2ForCausalLM,32768,,,,,,,,,,,,,,,,,,,,
qwen-calib-50-114602.out,qwen-calib-50,/gpfs/projects/imt526a/group2/envLLM/bin/python,Python 3.12.13,job_started=Wed May 13 16:42:31 PDT 2026; node=g015; model_dir=/gpfs/projects/imt526a/group2/agent-reliability/models/qwen2.5-7b-instruct; result_dir=/gpfs/projects/imt526a/group2/agent-reliability/results/qwen_vllm_calib_50_114602,Wed May 13 16:42:31 PDT 2026,g015,/gpfs/projects/imt526a/group2/agent-reliability/models/qwen2.5-7b-instruct,/gpfs/projects/imt526a/group2/agent-reliability/results/qwen_vllm_calib_50_114602,/gpfs/projects/imt526a/group2/agent-reliability/logs/vllm-qwen-114602.log,,,,,,,,,,,,,,,,,,,,,,,,,,,,,,,
vllm-qwen-114602.log,qwen,,,served_model_name=Qwen/Qwen2.5-7B-Instruct; vllm_model=/gpfs/projects/imt526a/group2/agent-reliability/models/qwen2.5-7b-instruct; architecture=Qwen2ForCausalLM; max_model_len=32768; dtype=bfloat16; tool_call_parser=hermes; enforce_eager=True,,,,,,/gpfs/projects/imt526a/group2/agent-reliability/models/qwen2.5-7b-instruct,/gpfs/projects/imt526a/group2/agent-reliability/models/qwen2.5-7b-instruct,bfloat16,True,hermes,Qwen/Qwen2.5-7B-Instruct,vllm,True,127.0.0.1,Qwen2ForCausalLM,32768,,,,,,,,,,,,,,,,,,,,
rollout-qwen-114780.out,qwen,,,model=Qwen/Qwen2.5-7B-Instruct; fault=clean; seed=10; range=0 -> 10; output=/gpfs/projects/imt526a/group2/agent-reliability/results/Qwen/Qwen2.5-7B-Instruct/clean/seed_10,,,,,,,,,,,,,,,,,Qwen/Qwen2.5-7B-Instruct,clean,10,0 -> 10,/gpfs/projects/imt526a/group2/agent-reliability/results/Qwen/Qwen2.5-7B-Instruct/clean/seed_10,,,,,,,,,,,,,,,
rollout-qwen-114793.out,qwen,,,model=Qwen/Qwen2.5-7B-Instruct; fault=clean; seed=10; range=0 -> 10; output=/gpfs/projects/imt526a/group2/agent-reliability/results/Qwen/Qwen2.5-7B-Instruct/clean/seed_10,,,,,,,,,,,,,,,,,Qwen/Qwen2.5-7B-Instruct,clean,10,0 -> 10,/gpfs/projects/imt526a/group2/agent-reliability/results/Qwen/Qwen2.5-7B-Instruct/clean/seed_10,,,,,,,,,,,,,,,
rollout-qwen-114821.out,qwen,,,model=Qwen/Qwen2.5-7B-Instruct; fault=clean; seed=1; range=0 -> 165; output=/gpfs/projects/imt526a/group2/agent-reliability/results/Qwen/Qwen2.5-7B-Instruct/clean/seed_1,,,,,,,,,,,,,,,,,Qwen/Qwen2.5-7B-Instruct,clean,1,0 -> 165,/gpfs/projects/imt526a/group2/agent-reliability/results/Qwen/Qwen2.5-7B-Instruct/clean/seed_1,,,,,,,,,,,,,,,
rollout-qwen-114897.out,qwen,,,model=meta-llama/Llama-3.1-8B-Instruc; fault=clean; seed=1; range=0 -> 10; output=/gpfs/projects/imt526a/group2/agent-reliability/results/meta-llama/Llama-3.1-8B-Instruc/clean/seed_1,,,,,,,,,,,,,,,,,meta-llama/Llama-3.1-8B-Instruc,clean,1,0 -> 10,/gpfs/projects/imt526a/group2/agent-reliability/results/meta-llama/Llama-3.1-8B-Instruc/clean/seed_1,,,,,,,,,,,,,,,
rollout-llama-114913.out,llama,,,model=meta-llama/Llama-3.1-8B-Instruc; fault=clean; seed=1; range=0 -> 165; output=/gpfs/projects/imt526a/group2/agent-reliability/results/meta-llama/Llama-3.1-8B-Instruc/clean/seed_1,,,,,,,,,,,,,,,,,meta-llama/Llama-3.1-8B-Instruc,clean,1,0 -> 165,/gpfs/projects/imt526a/group2/agent-reliability/results/meta-llama/Llama-3.1-8B-Instruc/clean/seed_1,,,,,,,,,,,,,,,
rollout-qwen-114914.out,qwen,,,model=Qwen/Qwen2.5-7B-Instruct; fault=clean; seed=2; range=0 -> 165; output=/gpfs/projects/imt526a/group2/agent-reliability/results/Qwen/Qwen2.5-7B-Instruct/clean/seed_2,,,,,,,,,,,,,,,,,Qwen/Qwen2.5-7B-Instruct,clean,2,0 -> 165,/gpfs/projects/imt526a/group2/agent-reliability/results/Qwen/Qwen2.5-7B-Instruct/clean/seed_2,,,,,,,,,,,,,,,
rollout-qwen-114955.out,qwen,,,model=mistralai/Mistral-7B-Instruct-v0.1; fault=clean; seed=2; range=0 -> 10; output=/gpfs/projects/imt526a/group2/agent-reliability/results/mistralai/Mistral-7B-Instruct-v0.1/clean/seed_2,,,,,,,,,,,,,,,,,mistralai/Mistral-7B-Instruct-v0.1,clean,2,0 -> 10,/gpfs/projects/imt526a/group2/agent-reliability/results/mistralai/Mistral-7B-Instruct-v0.1/clean/seed_2,,,,,,,,,,,,,,,
rollout-minstral-114962.out,minstral,,,model=mistralai/Mistral-7B-Instruct-v0.1; fault=clean; seed=1; range=0 -> 10; output=/gpfs/projects/imt526a/group2/agent-reliability/results/mistralai/Mistral-7B-Instruct-v0.1/clean/seed_1,,,,,,,,,,,,,,,,,mistralai/Mistral-7B-Instruct-v0.1,clean,1,0 -> 10,/gpfs/projects/imt526a/group2/agent-reliability/results/mistralai/Mistral-7B-Instruct-v0.1/clean/seed_1,,,,,,,,,,,,,,,
rollout-minstral-114983.out,minstral,,,model=mistralai/Mistral-7B-Instruct-v0.1; fault=clean; seed=1; range=0 -> 165; output=/gpfs/projects/imt526a/group2/agent-reliability/results/mistralai/Mistral-7B-Instruct-v0.1/clean/seed_1,,,,,,,,,,,,,,,,,mistralai/Mistral-7B-Instruct-v0.1,clean,1,0 -> 165,/gpfs/projects/imt526a/group2/agent-reliability/results/mistralai/Mistral-7B-Instruct-v0.1/clean/seed_1,,,,,,,,,,,,,,,
rollout-qwen-115778.out,qwen,can't open file '/gpfs/projects/imt526a/group2/agent-reliability/repos/tau-bench/run.py': [Errno 2] No such file or directory,,model=Qwen/Qwen2.5-7B-Instruct; fault=clean; seed=1; range=0 -> 10; output=/gpfs/projects/imt526a/group2/agent-reliability/results/Qwen/Qwen2.5-7B-Instruct/clean/seed_1,,,,,,,,,,,,,,,,,Qwen/Qwen2.5-7B-Instruct,clean,1,0 -> 10,/gpfs/projects/imt526a/group2/agent-reliability/results/Qwen/Qwen2.5-7B-Instruct/clean/seed_1,,,,,,,,,,,,,,,
qwen-calib-50-115800.out,qwen-calib-50,/gpfs/projects/imt526a/group2/envLLM/bin/python,Python 3.12.13,job_started=Thu May 14 12:23:31 PDT 2026; node=g008; domain=retail; agent=llm_agent; user=user_simulator; concurrency=3; model_dir=/gpfs/projects/imt526a/group2/agent-reliability/models/qwen2.5-7b-instruct; result_dir=/gpfs/projects/imt526a/group2/agent-reliability/results/qwen_vllm_calib_50_115800,Thu May 14 12:23:31 PDT 2026,g008,/gpfs/projects/imt526a/group2/agent-reliability/models/qwen2.5-7b-instruct,/gpfs/projects/imt526a/group2/agent-reliability/results/qwen_vllm_calib_50_115800,/gpfs/projects/imt526a/group2/agent-reliability/logs/vllm-qwen-115800.log,,,,,,,,,,,,,,,,,/gpfs/projects/imt526a/group2/agent-reliability,/gpfs/projects/imt526a/group2/agent-reliability/repos/tau-bench,retail,Default,All,1,200,10,llm_agent,hosted_vllm/Qwen/Qwen2.5-7B-Instruct,user_simulator,gpt-4o-mini,Not specified,3,False
vllm-qwen-115800.log,qwen,,,served_model_name=Qwen/Qwen2.5-7B-Instruct; vllm_model=/gpfs/projects/imt526a/group2/agent-reliability/models/qwen2.5-7b-instruct; architecture=Qwen2ForCausalLM; max_model_len=32768; dtype=bfloat16; tool_call_parser=hermes; enforce_eager=True,,,,,,/gpfs/projects/imt526a/group2/agent-reliability/models/qwen2.5-7b-instruct,/gpfs/projects/imt526a/group2/agent-reliability/models/qwen2.5-7b-instruct,bfloat16,True,hermes,Qwen/Qwen2.5-7B-Instruct,vllm,True,127.0.0.1,Qwen2ForCausalLM,32768,,,,,,,,,,,,,,,,,,,,
rollout-qwen-115805.out,qwen,,,model=Qwen/Qwen2.5-7B-Instruct; fault=clean; seed=1; range=0 -> 10; output=/gpfs/projects/imt526a/group2/agent-reliability/results/Qwen/Qwen2.5-7B-Instruct/clean/seed_1,,,,,,,,,,,,,,,,,Qwen/Qwen2.5-7B-Instruct,clean,1,0 -> 10,/gpfs/projects/imt526a/group2/agent-reliability/results/Qwen/Qwen2.5-7B-Instruct/clean/seed_1,,,,,,,,,,,,,,,
qwen-tau2-50-115814.out,qwen-tau2-50,/gpfs/projects/imt526a/group2/envLLM/bin/python,Python 3.12.13,domain=retail; agent=llm_agent; user=user_simulator; concurrency=3; model_dir=/gpfs/projects/imt526a/group2/agent-reliability/models/qwen2.5-7b-instruct; result_dir=/gpfs/projects/imt526a/group2/agent-reliability/results/qwen_tau2_calib_50_115814,,,/gpfs/projects/imt526a/group2/agent-reliability/models/qwen2.5-7b-instruct,/gpfs/projects/imt526a/group2/agent-reliability/results/qwen_tau2_calib_50_115814,/gpfs/projects/imt526a/group2/agent-reliability/logs/vllm-qwen-115814.log,,,,,,,,,,,,,,,,,/gpfs/projects/imt526a/group2/agent-reliability,/gpfs/projects/imt526a/group2/agent-reliability/repos/tau-bench,retail,Default,All,1,200,10,llm_agent,hosted_vllm/Qwen/Qwen2.5-7B-Instruct,user_simulator,gpt-4o-mini,Not specified,3,False
vllm-qwen-115814.log,qwen,,,served_model_name=Qwen/Qwen2.5-7B-Instruct; vllm_model=/gpfs/projects/imt526a/group2/agent-reliability/models/qwen2.5-7b-instruct; architecture=Qwen2ForCausalLM; max_model_len=32768; dtype=bfloat16; tool_call_parser=hermes; enforce_eager=True,,,,,,/gpfs/projects/imt526a/group2/agent-reliability/models/qwen2.5-7b-instruct,/gpfs/projects/imt526a/group2/agent-reliability/models/qwen2.5-7b-instruct,bfloat16,True,hermes,Qwen/Qwen2.5-7B-Instruct,vllm,True,127.0.0.1,Qwen2ForCausalLM,32768,,,,,,,,,,,,,,,,,,,,
rollout-qwen-115823.out,qwen,,,model=Qwen/Qwen2.5-7B-Instruct; fault=clean; seed=1; range=0 -> 10; domain=retail; agent=llm_agent; user=user_simulator; concurrency=3; output=/gpfs/projects/imt526a/group2/agent-reliability/results/Qwen/Qwen2.5-7B-Instruct/clean/seed_1,,,,,,,,,,,,,,,,,Qwen/Qwen2.5-7B-Instruct,clean,1,0 -> 10,/gpfs/projects/imt526a/group2/agent-reliability/results/Qwen/Qwen2.5-7B-Instruct/clean/seed_1,,,retail,Default,All,1,200,10,llm_agent,hosted_vllm/Qwen/Qwen2.5-7B-Instruct,user_simulator,gpt-4o-mini,Not specified,3,False
rollout-qwen-tau2-115835.out,qwen-tau2,,,model=Qwen/Qwen2.5-7B-Instruct; fault=clean; seed=1; range=0 -> 10; domain=retail; agent=llm_agent; user=user_simulator; concurrency=3; output=/gpfs/projects/imt526a/group2/agent-reliability/results/Qwen/Qwen2.5-7B-Instruct/clean/seed_1,,,,,,,,,,,,,,,,,Qwen/Qwen2.5-7B-Instruct,clean,1,0 -> 10,/gpfs/projects/imt526a/group2/agent-reliability/results/Qwen/Qwen2.5-7B-Instruct/clean/seed_1,,,retail,Default,All,1,200,10,llm_agent,hosted_vllm/Qwen/Qwen2.5-7B-Instruct,user_simulator,gpt-4o-mini,Not specified,3,False
rollout-qwen-tau2-115860.out,qwen-tau2,,,model=Qwen/Qwen2.5-7B-Instruct; fault=clean; seed=1; range=0 -> 10; domain=retail; agent=llm_agent; user=user_simulator; concurrency=3; output=/gpfs/projects/imt526a/group2/agent-reliability/results/Qwen/Qwen2.5-7B-Instruct/clean/seed_1,,,,,,,,,,,,,,,,,Qwen/Qwen2.5-7B-Instruct,clean,1,0 -> 10,/gpfs/projects/imt526a/group2/agent-reliability/results/Qwen/Qwen2.5-7B-Instruct/clean/seed_1,,,retail,Default,All,1,200,10,llm_agent,hosted_vllm/Qwen/Qwen2.5-7B-Instruct,user_simulator,gpt-4o-mini,Not specified,3,False
rollout-qwen-tau2-115889.out,qwen-tau2,,,model=Qwen/Qwen2.5-7B-Instruct; fault=clean; seed=1; range=0 -> 10; domain=retail; agent=llm_agent; user=user_simulator; concurrency=3; output=/gpfs/projects/imt526a/group2/agent-reliability/results/Qwen/Qwen2.5-7B-Instruct/clean/seed_1,,,,,,,,,,,,,,,,,Qwen/Qwen2.5-7B-Instruct,clean,1,0 -> 10,/gpfs/projects/imt526a/group2/agent-reliability/results/Qwen/Qwen2.5-7B-Instruct/clean/seed_1,,,retail,Default,All,1,200,10,llm_agent,hosted_vllm/Qwen/Qwen2.5-7B-Instruct,user_simulator,gpt-4o-mini,Not specified,3,False
rollout-qwen-tau2-115915.out,qwen-tau2,,,model=Qwen/Qwen2.5-7B-Instruct; fault=clean; seed=1; range=0 -> 10; domain=retail; agent=llm_agent; user=user_simulator; concurrency=3; output=/gpfs/projects/imt526a/group2/agent-reliability/results/Qwen/Qwen2.5-7B-Instruct/clean/seed_1,,,,,,,,,,,,,,,,,Qwen/Qwen2.5-7B-Instruct,clean,1,0 -> 10,/gpfs/projects/imt526a/group2/agent-reliability/results/Qwen/Qwen2.5-7B-Instruct/clean/seed_1,,,retail,Default,All,1,200,10,llm_agent,hosted_vllm/Qwen/Qwen2.5-7B-Instruct,user_simulator,o4-mini,Not specified,3,False
rollout-qwen-tau2-115917.out,qwen-tau2,,,model=Qwen/Qwen3-8B; fault=clean; seed=1; range=0 -> 10; domain=retail; agent=llm_agent; user=user_simulator; concurrency=3; output=/gpfs/projects/imt526a/group2/agent-reliability/results/Qwen/Qwen3-8B/clean/seed_1,,,,,,,,,,,,,,,,,Qwen/Qwen3-8B,clean,1,0 -> 10,/gpfs/projects/imt526a/group2/agent-reliability/results/Qwen/Qwen3-8B/clean/seed_1,,,retail,Default,All,1,200,10,llm_agent,hosted_vllm/Qwen/Qwen2.5-7B-Instruct,user_simulator,o4-mini,Not specified,3,False
rollout-qwen-tau2-115928.out,qwen-tau2,,,model=Qwen/Qwen3-8B; fault=clean; seed=1; range=0 -> 10; domain=retail; agent=llm_agent; user=user_simulator; concurrency=3; output=/gpfs/projects/imt526a/group2/agent-reliability/results/Qwen/Qwen3-8B/clean/seed_1,,,,,,,,,,,,,,,,,Qwen/Qwen3-8B,clean,1,0 -> 10,/gpfs/projects/imt526a/group2/agent-reliability/results/Qwen/Qwen3-8B/clean/seed_1,,,retail,Default,All,1,200,10,llm_agent,hosted_vllm/Qwen/Qwen3-8B,user_simulator,o4-mini,Not specified,3,False
rollout-qwen-tau2-115946.out,qwen-tau2,,,model=Qwen3-8B; fault=clean; seed=1; range=0 -> 10; domain=retail; agent=llm_agent; user=user_simulator; concurrency=3; output=/gpfs/projects/imt526a/group2/agent-reliability/results/Qwen3-8B/clean/seed_1,,,,,,,,,,,,,,,,,Qwen3-8B,clean,1,0 -> 10,/gpfs/projects/imt526a/group2/agent-reliability/results/Qwen3-8B/clean/seed_1,,,retail,Default,All,1,200,10,llm_agent,hosted_vllm/Qwen3-8B,user_simulator,o4-mini,Not specified,3,False
rollout-qwen-tau2-115954.out,qwen-tau2,,,model=Qwen3-8B; fault=clean; seed=1; range=0 -> 10; domain=retail; agent=llm_agent; user=user_simulator; concurrency=3; output=/gpfs/projects/imt526a/group2/agent-reliability/results/Qwen3-8B/clean/seed_1,,,,,,,,,,,,,,,,,Qwen3-8B,clean,1,0 -> 10,/gpfs/projects/imt526a/group2/agent-reliability/results/Qwen3-8B/clean/seed_1,,,retail,Default,All,1,200,10,llm_agent,hosted_vllm/Qwen3-8B,user_simulator,o4-mini,Not specified,3,False
rollout-llama-tau2-115958.out,llama-tau2,,,model=Llama-3.2-3B; fault=clean; seed=1; range=0 -> 10; domain=retail; agent=llm_agent; user=user_simulator; concurrency=3; output=/gpfs/projects/imt526a/group2/agent-reliability/results/Llama-3.2-3B/clean/seed_1,,,,,,,,,,,,,,,,,Llama-3.2-3B,clean,1,0 -> 10,/gpfs/projects/imt526a/group2/agent-reliability/results/Llama-3.2-3B/clean/seed_1,,,retail,Default,All,1,200,10,llm_agent,hosted_vllm/Llama-3.2-3B,user_simulator,o4-mini,Not specified,3,False
rollout-llama-tau2-116159.out,llama-tau2,,,model=Llama-3.2-3B; fault=clean; seed=1; range=0 -> 10; domain=retail; agent=llm_agent; user=user_simulator; concurrency=3; output=/gpfs/projects/imt526a/group2/agent-reliability/results/Llama-3.2-3B/clean/seed_1,,,,,,,,,,,,,,,,,Llama-3.2-3B,clean,1,0 -> 10,/gpfs/projects/imt526a/group2/agent-reliability/results/Llama-3.2-3B/clean/seed_1,,,retail,Default,All,1,200,10,llm_agent,hosted_vllm/Llama-3.2-3B,user_simulator,o4-mini,Not specified,3,False
rollout-llama-tau2-116165.out,llama-tau2,,,model=Llama; fault=clean; seed=1; range=0 -> 10; domain=retail; agent=llm_agent; user=user_simulator; concurrency=3; output=/gpfs/projects/imt526a/group2/agent-reliability/results/Llama/clean/seed_1,,,,,,,,,,,,,,,,,Llama,clean,1,0 -> 10,/gpfs/projects/imt526a/group2/agent-reliability/results/Llama/clean/seed_1,,,retail,Default,All,1,200,10,llm_agent,hosted_vllm/Llama,user_simulator,o4-mini,Not specified,3,False
rollout-llama-tau2-116237.out,llama-tau2,,,model=Llama; fault=clean; seed=1; range=0 -> 10; domain=retail; agent=llm_agent; user=user_simulator; concurrency=3; output=/gpfs/projects/imt526a/group2/agent-reliability/results/Llama/clean/seed_1,,,,,,,,,,,,,,,,,Llama,clean,1,0 -> 10,/gpfs/projects/imt526a/group2/agent-reliability/results/Llama/clean/seed_1,,,retail,Default,All,1,200,10,llm_agent,hosted_vllm/Llama,user_simulator,o4-mini,Not specified,3,False
rollout-llama-tau2-116362.out,llama-tau2,,,model=Llama; fault=clean; seed=1; range=0 -> 10; output=/gpfs/projects/imt526a/group2/agent-reliability/results/Llama/clean/seed_1,,,,,,,,,,,,,,,,,Llama,clean,1,0 -> 10,/gpfs/projects/imt526a/group2/agent-reliability/results/Llama/clean/seed_1,,,,,,,,,,,,,,,
rollout-llama-tau2-116372.out,llama-tau2,,,model=Llama; fault=clean; seed=1; range=0 -> 10; served_model_name=Llama; vllm_model=/gpfs/projects/imt526a/group2/agent-reliability/models/Llama-3.1-8B-Instruct; architecture=LlamaForCausalLM; max_model_len=16384; dtype=bfloat16; tool_call_parser=llama3_json; output=/gpfs/projects/imt526a/group2/agent-reliability/results/Llama/clean/seed_1,,,,,,/gpfs/projects/imt526a/group2/agent-reliability/models/Llama-3.1-8B-Instruct,/gpfs/projects/imt526a/group2/agent-reliability/models/Llama-3.1-8B-Instruct,bfloat16,,llama3_json,Llama,,True,127.0.0.1,LlamaForCausalLM,16384,Llama,clean,1,0 -> 10,/gpfs/projects/imt526a/group2/agent-reliability/results/Llama/clean/seed_1,,,,,,,,,,,,,,,
rollout-llama-tau2-116375.out,llama-tau2,,,model=Llama; fault=clean; seed=1; range=0 -> 10; output=/gpfs/projects/imt526a/group2/agent-reliability/results/Llama/clean/seed_1,,,,,,,,,,,,,,,,,Llama,clean,1,0 -> 10,/gpfs/projects/imt526a/group2/agent-reliability/results/Llama/clean/seed_1,,,,,,,,,,,,,,,
rollout-llama-tau2-116376.out,llama-tau2,,,model=Llama; fault=clean; seed=1; range=0 -> 10; domain=retail; agent=llm_agent; user=user_simulator; concurrency=3; output=/gpfs/projects/imt526a/group2/agent-reliability/results/Llama/clean/seed_1,,,,,,,,,,,,,,,,,Llama,clean,1,0 -> 10,/gpfs/projects/imt526a/group2/agent-reliability/results/Llama/clean/seed_1,,,retail,Default,All,1,200,10,llm_agent,hosted_vllm/Llama,user_simulator,o4-mini,llam_retail_1_0_10,3,False
rollout-llama-tau2-116705.out,llama-tau2,,,model=Llama3; fault=clean; seed=1; range=0 -> 10; served_model_name=Llama3; vllm_model=/gpfs/projects/imt526a/group2/agent-reliability/models/Llama-3.2-3B; dtype=bfloat16; tool_call_parser=llama3_json; output=/gpfs/projects/imt526a/group2/agent-reliability/results/Llama3/clean/seed_1,,,,,,/gpfs/projects/imt526a/group2/agent-reliability/models/Llama-3.2-3B,/gpfs/projects/imt526a/group2/agent-reliability/models/Llama-3.2-3B,bfloat16,,llama3_json,Llama3,,True,127.0.0.1,,,Llama3,clean,1,0 -> 10,/gpfs/projects/imt526a/group2/agent-reliability/results/Llama3/clean/seed_1,,,,,,,,,,,,,,,
test-llama-tau2-116714.out,llama-tau2,,,model=Llama3; fault=clean; seed=1; range=0 -> 10; domain=retail; agent=llm_agent; user=user_simulator; concurrency=3; output=/gpfs/projects/imt526a/group2/agent-reliability/results/Llama3/clean/seed_1,,,,,,,,,,,,,,,,,Llama3,clean,1,0 -> 10,/gpfs/projects/imt526a/group2/agent-reliability/results/Llama3/clean/seed_1,,,retail,Default,All,1,200,10,llm_agent,hosted_vllm/Llama3,user_simulator,o4-mini,clean/llama_retail_1_0_10_,3,False
test-llama-tau2-116726.out,llama-tau2,,,model=Llama-3.1-8B-Instruct; fault=clean; seed=1; range=0 -> 10; domain=retail; agent=llm_agent; user=user_simulator; concurrency=3; output=/gpfs/projects/imt526a/group2/agent-reliability/results/Llama-3.1-8B-Instruct/clean/seed_1,,,,,,,,,,,,,,,,,Llama-3.1-8B-Instruct,clean,1,0 -> 10,/gpfs/projects/imt526a/group2/agent-reliability/results/Llama-3.1-8B-Instruct/clean/seed_1,,,retail,Default,All,1,200,10,llm_agent,hosted_vllm/Llama-3.1-8B-Instruct,user_simulator,o4-mini,clean/llama_retail_1_0_10_,3,False
test-llama-tau2-116727.out,llama-tau2,,,model=Llama-3.1-8B-Instruct; fault=clean; seed=1; range=0 -> 10; output=Llama-3.1-8B-Instruct/clean/seed_1_0_10_116727_,,,,,,,,,,,,,,,,,Llama-3.1-8B-Instruct,clean,1,0 -> 10,Llama-3.1-8B-Instruct/clean/seed_1_0_10_116727_,,,,,,,,,,,,,,,
test-llama-tau2-116728.out,llama-tau2,,,model=Llama-3.1-8B-Instruct; fault=clean; seed=1; range=0 -> 10; output=Llama-3.1-8B-Instruct/clean/seed_1_0_10_116728_,,,,,,,,,,,,,,,,,Llama-3.1-8B-Instruct,clean,1,0 -> 10,Llama-3.1-8B-Instruct/clean/seed_1_0_10_116728_,,,,,,,,,,,,,,,
test-llama-tau2-116729.out,llama-tau2,,,model=Llama-3.1-8B-Instruct; fault=clean; seed=1; range=0 -> 10; domain=retail; agent=llm_agent; user=user_simulator; output=/gpfs/projects/imt526a/group2/agent-reliability/results/Llama-3.1-8B-Instruct/clean/seed_1,,,,,,,,,,,,,,,,,Llama-3.1-8B-Instruct,clean,1,0 -> 10,/gpfs/projects/imt526a/group2/agent-reliability/results/Llama-3.1-8B-Instruct/clean/seed_1,,,retail,Default,All,1,200,10,llm_agent,hosted_vllm/Llama-3.1-8B-Instruct,user_simulator,o4-mini,,,
test-llama-tau2-116750.out,llama-tau2,,,model=Llama-3.1-8B-Instruct; fault=clean; seed=1; range=0 -> 165; domain=retail; agent=llm_agent; user=user_simulator; output=/gpfs/projects/imt526a/group2/agent-reliability/results/Llama-3.1-8B-Instruct/clean/seed_1,,,,,,,,,,,,,,,,,Llama-3.1-8B-Instruct,clean,1,0 -> 165,/gpfs/projects/imt526a/group2/agent-reliability/results/Llama-3.1-8B-Instruct/clean/seed_1,,,retail,Default,All,1,200,10,llm_agent,hosted_vllm/Llama-3.1-8B-Instruct,user_simulator,o4-mini,,,
Rollout-Qwen3-8B-tau2-116756.out,Qwen3-8B-tau2,,,model=Qwen3-8B; fault=clean; seed=1; range=0 -> 10; domain=retail; agent=llm_agent; user=user_simulator; concurrency=3; output=/gpfs/projects/imt526a/group2/agent-reliability/results/Qwen3-8B/clean/seed_1,,,,,,,,,,,,,,,,,Qwen3-8B,clean,1,0 -> 10,/gpfs/projects/imt526a/group2/agent-reliability/results/Qwen3-8B/clean/seed_1,,,retail,Default,All,1,200,10,llm_agent,hosted_vllm/Qwen3-8B,user_simulator,o4-mini,Qwen3-8B/clean/seed_1_0_10_116756_,3,False
Rollout-Qwen3-8B-tau2-116763.out,Qwen3-8B-tau2,,,model=Qwen3-8B; fault=clean; seed=2; range=0 -> 10; output=/gpfs/projects/imt526a/group2/agent-reliability/results/Qwen3-8B/clean/seed_2,,,,,,,,,,,,,,,,,Qwen3-8B,clean,2,0 -> 10,/gpfs/projects/imt526a/group2/agent-reliability/results/Qwen3-8B/clean/seed_2,,,,,,,,,,,,,,,
Rollout-Qwen3-8B-tau2-116769.out,Qwen3-8B-tau2,,,model=Qwen3-8B; fault=clean; seed=2; range=0 -> 10; domain=retail; agent=llm_agent; user=user_simulator; concurrency=3; output=/gpfs/projects/imt526a/group2/agent-reliability/results/Qwen3-8B/clean/seed_2,,,,,,,,,,,,,,,,,Qwen3-8B,clean,2,0 -> 10,/gpfs/projects/imt526a/group2/agent-reliability/results/Qwen3-8B/clean/seed_2,,,retail,Default,All,1,200,10,llm_agent,hosted_vllm/Qwen3-8B,user_simulator,o4-mini,Qwen3-8B/clean/seed_2_0_10_116769_,3,False
Rollout-Min3-8B-tau2-116780.out,Min3-8B-tau2,,,model=Mistral-7B-Instruct-v0.1; fault=clean; seed=2; range=0 -> 10; domain=retail; agent=llm_agent; user=user_simulator; output=/gpfs/projects/imt526a/group2/agent-reliability/results/Mistral-7B-Instruct-v0.1/clean/seed_2,,,,,,,,,,,,,,,,,Mistral-7B-Instruct-v0.1,clean,2,0 -> 10,/gpfs/projects/imt526a/group2/agent-reliability/results/Mistral-7B-Instruct-v0.1/clean/seed_2,,,retail,Default,All,1,200,10,llm_agent,hosted_vllm/Mistral-7B-Instruct-v0.1,user_simulator,o4-mini,,,
Rollout-Qwen2.5-tau2-116791.out,Qwen2.5-tau2,,,model=qwen2.5-7b-instruct; fault=clean; seed=2; range=0 -> 10; domain=retail; agent=llm_agent; user=user_simulator; output=/gpfs/projects/imt526a/group2/agent-reliability/results/qwen2.5-7b-instruct/clean/seed_2,,,,,,,,,,,,,,,,,qwen2.5-7b-instruct,clean,2,0 -> 10,/gpfs/projects/imt526a/group2/agent-reliability/results/qwen2.5-7b-instruct/clean/seed_2,,,retail,Default,All,1,200,10,llm_agent,hosted_vllm/qwen2.5-7b-instruct,user_simulator,o4-mini,,,
Rollout-Qwen2.5-tau2-116798.out,Qwen2.5-tau2,,,model=Qwen3-8B; fault=clean; seed=2; range=0 -> 10; domain=retail; agent=llm_agent; user=user_simulator; concurrency=3; output=/gpfs/projects/imt526a/group2/agent-reliability/results/Qwen3-8B/clean/seed_2,,,,,,,,,,,,,,,,,Qwen3-8B,clean,2,0 -> 10,/gpfs/projects/imt526a/group2/agent-reliability/results/Qwen3-8B/clean/seed_2,,,retail,Default,All,1,200,10,llm_agent,hosted_vllm/Qwen3-8B,user_simulator,o4-mini,Qwen3-8B/clean/seed_2_0_10_116798_,3,False
Rollout-Gemma-tau2-116938.out,Gemma-tau2,,,model=gemma-2-9b-it; fault=clean; seed=1; range=0 -> 10; domain=retail; agent=llm_agent; user=user_simulator; concurrency=3; output=/gpfs/projects/imt526a/group2/agent-reliability/results/gemma-2-9b-it/clean/seed_1,,,,,,,,,,,,,,,,,gemma-2-9b-it,clean,1,0 -> 10,/gpfs/projects/imt526a/group2/agent-reliability/results/gemma-2-9b-it/clean/seed_1,,,retail,Default,All,1,200,10,llm_agent,hosted_vllm/gemma-2-9b-it,user_simulator,o4-mini,gemma-2-9b-it/clean/seed_1_0_10_116938_,3,│
Rollout-llama-tau2-117271.out,llama-tau2,,,model=Llama-3.1-8B-Instruct; fault=clean; seed=1; range=0 -> 10; domain=retail; agent=llm_agent; user=user_simulator; concurrency=3; output=/gpfs/projects/imt526a/group2/agent-reliability/results/Llama-3.1-8B-Instruct/clean/seed_1,,,,,,,,,,,,,,,,,Llama-3.1-8B-Instruct,clean,1,0 -> 10,/gpfs/projects/imt526a/group2/agent-reliability/results/Llama-3.1-8B-Instruct/clean/seed_1,,,retail,Default,All,1,200,10,llm_agent,hosted_vllm/Llama-3.1-8B-Instruct,user_simulator,o4-mini,Not specified,3,False
Rollout-llama-tau2-117278.out,llama-tau2,,,model=Llama-3.1-8B-Instruct; fault=clean; seed=1; range=0 -> 10; domain=retail; agent=llm_agent; user=user_simulator; concurrency=3; output=/gpfs/projects/imt526a/group2/agent-reliability/results/Llama-3.1-8B-Instruct/clean/seed_1,,,,,,,,,,,,,,,,,Llama-3.1-8B-Instruct,clean,1,0 -> 10,/gpfs/projects/imt526a/group2/agent-reliability/results/Llama-3.1-8B-Instruct/clean/seed_1,,,retail,Default,All,1,200,10,llm_agent,hosted_vllm/Llama-3.1-8B-Instruct,user_simulator,o4-mini,Not specified,3,False
Rollout-llama-tau2-117280.out,llama-tau2,,,model=Llama-3.1-8B-Instruct; fault=clean; seed=2; range=0 -> 10; domain=retail; agent=llm_agent; user=user_simulator; concurrency=3; output=/gpfs/projects/imt526a/group2/agent-reliability/results/Llama-3.1-8B-Instruct/clean/seed_2,,,,,,,,,,,,,,,,,Llama-3.1-8B-Instruct,clean,2,0 -> 10,/gpfs/projects/imt526a/group2/agent-reliability/results/Llama-3.1-8B-Instruct/clean/seed_2,,,retail,Default,All,1,200,10,llm_agent,hosted_vllm/Llama-3.1-8B-Instruct,user_simulator,o4-mini,Not specified,3,False
Rollout-llama-tau2-117386.out,llama-tau2,,,model=Llama-3.1-8B-Instruct; fault=clean; seed=2; range=0 -> 10; domain=retail; agent=llm_agent; user=user_simulator; concurrency=3; output=/gpfs/projects/imt526a/group2/agent-reliability/results/Llama-3.1-8B-Instruct/clean/seed_2,,,,,,,,,,,,,,,,,Llama-3.1-8B-Instruct,clean,2,0 -> 10,/gpfs/projects/imt526a/group2/agent-reliability/results/Llama-3.1-8B-Instruct/clean/seed_2,,,retail,Default,All,1,200,10,llm_agent,hosted_vllm/Llama-3.1-8B-Instruct,user_simulator,o4-mini,Not specified,3,False
Rollout-llama-tau2-117918.out,llama-tau2,,,model=Llama-3.1-8B-Instruct; fault=clean; seed=2; range=0 -> 10; domain=retail; agent=llm_agent; user=user_simulator; concurrency=3; output=/gpfs/projects/imt526a/group2/agent-reliability/results/Llama-3.1-8B-Instruct/clean/seed_2,,,,,,,,,,,,,,,,,Llama-3.1-8B-Instruct,clean,2,0 -> 10,/gpfs/projects/imt526a/group2/agent-reliability/results/Llama-3.1-8B-Instruct/clean/seed_2,,,retail,Default,All,1,200,10,llm_agent,hosted_vllm/Llama-3.1-8B-Instruct,user_simulator,o4-mini,Not specified,3,False
Rollout-llama-tau2-117943.out,llama-tau2,,,model=Llama-3.1-8B-Instruct; fault=clean; seed=2; range=0 -> 10; served_model_name=Llama-3.1-8B-Instruct; vllm_model=/gpfs/projects/imt526a/group2/agent-reliability/models/Llama-3.1-8B-Instruct; architecture=LlamaForCausalLM; max_model_len=131072; output=/gpfs/projects/imt526a/group2/agent-reliability/results/Llama-3.1-8B-Instruct/clean/seed_2,,,,,,/gpfs/projects/imt526a/group2/agent-reliability/models/Llama-3.1-8B-Instruct,/gpfs/projects/imt526a/group2/agent-reliability/models/Llama-3.1-8B-Instruct,,,,Llama-3.1-8B-Instruct,,,,LlamaForCausalLM,131072,Llama-3.1-8B-Instruct,clean,2,0 -> 10,/gpfs/projects/imt526a/group2/agent-reliability/results/Llama-3.1-8B-Instruct/clean/seed_2,,,,,,,,,,,,,,,
Rollout-llama-tau2-117957.out,llama-tau2,,,model=Llama-3.1-8B-Instruct; fault=clean; seed=2; range=0 -> 10; domain=retail; agent=llm_agent; user=user_simulator; concurrency=3; output=/gpfs/projects/imt526a/group2/agent-reliability/results/Llama-3.1-8B-Instruct/clean/seed_2,,,,,,,,,,,,,,,,,Llama-3.1-8B-Instruct,clean,2,0 -> 10,/gpfs/projects/imt526a/group2/agent-reliability/results/Llama-3.1-8B-Instruct/clean/seed_2,,,retail,Default,All,1,200,10,llm_agent,hosted_vllm/Llama-3.1-8B-Instruct,user_simulator,o4-mini,Not specified,3,False
Rollout-llama-tau2-117973.out,llama-tau2,,,model=Llama-3.1-8B-Instruct; fault=clean; seed=2; range=0 -> 10; domain=retail; agent=llm_agent; user=user_simulator; concurrency=3; output=/gpfs/projects/imt526a/group2/agent-reliability/results/Llama-3.1-8B-Instruct/clean/seed_2,,,,,,,,,,,,,,,,,Llama-3.1-8B-Instruct,clean,2,0 -> 10,/gpfs/projects/imt526a/group2/agent-reliability/results/Llama-3.1-8B-Instruct/clean/seed_2,,,retail,Default,All,1,200,10,llm_agent,hosted_vllm/Llama-3.1-8B-Instruct,user_simulator,o4-mini,Not specified,3,False
Rollout-llama-tau2-117977.out,llama-tau2,,,model=Llama-3.1-8B-Instruct; fault=clean; seed=2; range=0 -> 10; domain=retail; agent=llm_agent; user=user_simulator; concurrency=3; output=/gpfs/projects/imt526a/group2/agent-reliability/results/Llama-3.1-8B-Instruct/clean/seed_2,,,,,,,,,,,,,,,,,Llama-3.1-8B-Instruct,clean,2,0 -> 10,/gpfs/projects/imt526a/group2/agent-reliability/results/Llama-3.1-8B-Instruct/clean/seed_2,,,retail,Default,All,1,200,10,llm_agent,hosted_vllm/Llama-3.1-8B-Instruct,user_simulator,o4-mini,Not specified,3,False
Rollout-llama-tau2-117978.out,llama-tau2,,,model=Llama-3.1-8B-Instruct; fault=clean; seed=2; range=0 -> 10; output=/gpfs/projects/imt526a/group2/agent-reliability/results/Llama-3.1-8B-Instruct/clean/seed_2,,,,,,,,,,,,,,,,,Llama-3.1-8B-Instruct,clean,2,0 -> 10,/gpfs/projects/imt526a/group2/agent-reliability/results/Llama-3.1-8B-Instruct/clean/seed_2,,,,,,,,,,,,,,,
Rollout-llama-tau2-118168.out,llama-tau2,,,model=Llama-3.1-8B-Instruct; fault=clean; seed=2; range=0 -> 10; output=/gpfs/projects/imt526a/group2/agent-reliability/results/Llama-3.1-8B-Instruct/clean/seed_2,,,,,,,,,,,,,,,,,Llama-3.1-8B-Instruct,clean,2,0 -> 10,/gpfs/projects/imt526a/group2/agent-reliability/results/Llama-3.1-8B-Instruct/clean/seed_2,,,,,,,,,,,,,,,
Rollout-llama-tau2-118169.out,llama-tau2,,,model=Llama-3.1-8B-Instruct; fault=clean; seed=2; range=0 -> 10; served_model_name=Llama-3.1-8B-Instruct; vllm_model=/gpfs/projects/imt526a/group2/agent-reliability/models/Llama-3.1-8B-Instruct; dtype=bfloat16; tool_call_parser=llama3; output=/gpfs/projects/imt526a/group2/agent-reliability/results/Llama-3.1-8B-Instruct/clean/seed_2,,,,,,/gpfs/projects/imt526a/group2/agent-reliability/models/Llama-3.1-8B-Instruct,/gpfs/projects/imt526a/group2/agent-reliability/models/Llama-3.1-8B-Instruct,bfloat16,,llama3,Llama-3.1-8B-Instruct,,True,127.0.0.1,,,Llama-3.1-8B-Instruct,clean,2,0 -> 10,/gpfs/projects/imt526a/group2/agent-reliability/results/Llama-3.1-8B-Instruct/clean/seed_2,,,,,,,,,,,,,,,
Rollout-llama-tau2-118170.out,llama-tau2,,,model=Llama-3.1-8B-Instruct; fault=clean; seed=2; range=0 -> 10; served_model_name=Llama-3.1-8B-Instruct; vllm_model=/gpfs/projects/imt526a/group2/agent-reliability/models/Llama-3.1-8B-Instruct; architecture=LlamaForCausalLM; max_model_len=16384; dtype=bfloat16; tool_call_parser=llama3_json; output=/gpfs/projects/imt526a/group2/agent-reliability/results/Llama-3.1-8B-Instruct/clean/seed_2,,,,,,/gpfs/projects/imt526a/group2/agent-reliability/models/Llama-3.1-8B-Instruct,/gpfs/projects/imt526a/group2/agent-reliability/models/Llama-3.1-8B-Instruct,bfloat16,,llama3_json,Llama-3.1-8B-Instruct,,True,127.0.0.1,LlamaForCausalLM,16384,Llama-3.1-8B-Instruct,clean,2,0 -> 10,/gpfs/projects/imt526a/group2/agent-reliability/results/Llama-3.1-8B-Instruct/clean/seed_2,,,,,,,,,,,,,,,
Rollout-llama-tau2-118171.out,llama-tau2,,,model=Llama-3.1-8B-Instruct; fault=clean; seed=2; range=0 -> 10; served_model_name=Llama-3.1-8B-Instruct; vllm_model=/gpfs/projects/imt526a/group2/agent-reliability/models/Llama-3.1-8B-Instruct; architecture=LlamaForCausalLM; max_model_len=131072; output=/gpfs/projects/imt526a/group2/agent-reliability/results/Llama-3.1-8B-Instruct/clean/seed_2,,,,,,/gpfs/projects/imt526a/group2/agent-reliability/models/Llama-3.1-8B-Instruct,/gpfs/projects/imt526a/group2/agent-reliability/models/Llama-3.1-8B-Instruct,,,,Llama-3.1-8B-Instruct,vllm,,,LlamaForCausalLM,131072,Llama-3.1-8B-Instruct,clean,2,0 -> 10,/gpfs/projects/imt526a/group2/agent-reliability/results/Llama-3.1-8B-Instruct/clean/seed_2,,,,,,,,,,,,,,,
Rollout-llama-tau2-118172.out,llama-tau2,,,model=Llama-3.1-8B-Instruct; fault=clean; seed=2; range=0 -> 10; served_model_name=Llama-3.1-8B-Instruct; vllm_model=/gpfs/projects/imt526a/group2/agent-reliability/models/Llama-3.1-8B-Instruct; architecture=LlamaForCausalLM; max_model_len=131072; output=/gpfs/projects/imt526a/group2/agent-reliability/results/Llama-3.1-8B-Instruct/clean/seed_2,,,,,,/gpfs/projects/imt526a/group2/agent-reliability/models/Llama-3.1-8B-Instruct,/gpfs/projects/imt526a/group2/agent-reliability/models/Llama-3.1-8B-Instruct,,,,Llama-3.1-8B-Instruct,vllm,,,LlamaForCausalLM,131072,Llama-3.1-8B-Instruct,clean,2,0 -> 10,/gpfs/projects/imt526a/group2/agent-reliability/results/Llama-3.1-8B-Instruct/clean/seed_2,,,,,,,,,,,,,,,
Rollout-llama-tau2-118173.out,llama-tau2,,,model=Llama-3.1-8B-Instruct; fault=clean; seed=2; range=0 -> 10; served_model_name=Llama-3.1-8B-Instruct; vllm_model=/gpfs/projects/imt526a/group2/agent-reliability/models/Llama-3.1-8B-Instruct; architecture=LlamaForCausalLM; max_model_len=131072; output=/gpfs/projects/imt526a/group2/agent-reliability/results/Llama-3.1-8B-Instruct/clean/seed_2,,,,,,/gpfs/projects/imt526a/group2/agent-reliability/models/Llama-3.1-8B-Instruct,/gpfs/projects/imt526a/group2/agent-reliability/models/Llama-3.1-8B-Instruct,,,,Llama-3.1-8B-Instruct,vllm,,,LlamaForCausalLM,131072,Llama-3.1-8B-Instruct,clean,2,0 -> 10,/gpfs/projects/imt526a/group2/agent-reliability/results/Llama-3.1-8B-Instruct/clean/seed_2,,,,,,,,,,,,,,,
Rollout-llama-tau2-118174.out,llama-tau2,,,model=Llama-3.1-8B-Instruct; fault=clean; seed=2; range=0 -> 10; domain=retail; agent=llm_agent; user=user_simulator; concurrency=3; output=/gpfs/projects/imt526a/group2/agent-reliability/results/Llama-3.1-8B-Instruct/clean/seed_2,,,,,,,,,,,,,,,,,Llama-3.1-8B-Instruct,clean,2,0 -> 10,/gpfs/projects/imt526a/group2/agent-reliability/results/Llama-3.1-8B-Instruct/clean/seed_2,,,retail,Default,All,1,200,10,llm_agent,hosted_vllm/Llama-3.1-8B-Instruct,user_simulator,o4-mini,Not specified,3,False
Rollout-Qwen2.5-tau2-118543.out,Qwen2.5-tau2,,,model=Qwen3-8B; fault=clean; seed=2; range=0 -> 10; served_model_name=Qwen3-8B; vllm_model=/gpfs/projects/imt526a/group2/agent-reliability/models/Qwen3-8B; dtype=bfloat16; tool_call_parser=qwen25; output=/gpfs/projects/imt526a/group2/agent-reliability/results/Qwen3-8B/clean/seed_2,,,,,,/gpfs/projects/imt526a/group2/agent-reliability/models/Qwen3-8B,/gpfs/projects/imt526a/group2/agent-reliability/models/Qwen3-8B,bfloat16,,qwen25,Qwen3-8B,,True,127.0.0.1,,,Qwen3-8B,clean,2,0 -> 10,/gpfs/projects/imt526a/group2/agent-reliability/results/Qwen3-8B/clean/seed_2,,,,,,,,,,,,,,,
Rollout-Qwen2.5-tau2-118546.out,Qwen2.5-tau2,,,model=Qwen3-8B; fault=clean; seed=2; range=0 -> 10; output=/gpfs/projects/imt526a/group2/agent-reliability/results/Qwen3-8B/clean/seed_2,,,,,,,,,,,,,,,,,Qwen3-8B,clean,2,0 -> 10,/gpfs/projects/imt526a/group2/agent-reliability/results/Qwen3-8B/clean/seed_2,,,,,,,,,,,,,,,
Rollout-Qwen2.5-tau2-118547.out,Qwen2.5-tau2,,,model=Qwen3-8B; fault=clean; seed=2; range=0 -> 10; domain=retail; agent=llm_agent; user=user_simulator; concurrency=3; output=/gpfs/projects/imt526a/group2/agent-reliability/results/Qwen3-8B/clean/seed_2,,,,,,,,,,,,,,,,,Qwen3-8B,clean,2,0 -> 10,/gpfs/projects/imt526a/group2/agent-reliability/results/Qwen3-8B/clean/seed_2,,,retail,Default,All,1,200,10,llm_agent,hosted_vllm/Qwen3-8B,user_simulator,o4-mini,Qwen3-8B/clean/seed_2_0_10_118547_,3,False
Rollout-Qwen2.5-tau2-118597.out,Qwen2.5-tau2,,,model=Qwen3-8B; fault=clean; seed=2; range=0 -> 10; output=/gpfs/projects/imt526a/group2/agent-reliability/results/Qwen3-8B/clean/seed_2,,,,,,,,,,,,,,,,,Qwen3-8B,clean,2,0 -> 10,/gpfs/projects/imt526a/group2/agent-reliability/results/Qwen3-8B/clean/seed_2,,,,,,,,,,,,,,,
Rollout-Qwen2.5-tau2-118600.out,Qwen2.5-tau2,,,model=Qwen3-8B; fault=clean; seed=2; range=0 -> 10; domain=retail; agent=llm_agent; user=user_simulator; concurrency=3; output=/gpfs/projects/imt526a/group2/agent-reliability/results/Qwen3-8B/clean/seed_2,,,,,,,,,,,,,,,,,Qwen3-8B,clean,2,0 -> 10,/gpfs/projects/imt526a/group2/agent-reliability/results/Qwen3-8B/clean/seed_2,,,retail,Default,All,1,200,10,llm_agent,hosted_vllm/Qwen3-8B,user_simulator,o4-mini,Qwen3-8B/clean/seed_2_0_10_118600_,3,False
Rollout-Qwen2.5-tau2-119080.out,Qwen2.5-tau2,,,model=qwen2.5-7b-instruct; fault=clean; seed=2; range=0 -> 10; domain=retail; agent=llm_agent; user=user_simulator; output=/gpfs/projects/imt526a/group2/agent-reliability/results/qwen2.5-7b-instruct/clean/seed_2,,,,,,,,,,,,,,,,,qwen2.5-7b-instruct,clean,2,0 -> 10,/gpfs/projects/imt526a/group2/agent-reliability/results/qwen2.5-7b-instruct/clean/seed_2,,,retail,Default,All,1,200,10,llm_agent,hosted_vllm/qwen2.5-7b-instruct,user_simulator,o4-mini,,,
hermes10-119142.out,hermes10,,,domain=retail; agent=llm_agent; user=user_simulator; concurrency=3,,,,,,,,,,,,,,,,,,,,,,,,retail,Default,All,1,200,10,llm_agent,hosted_vllm/NousResearch/Hermes-2-Pro-Llama-3-8B,user_simulator,gpt-4o-mini,Not specified,3,False
vllm-hermes-119142.log,hermes,,,served_model_name=NousResearch/Hermes-2-Pro-Llama-3-8B; vllm_model=NousResearch/Hermes-2-Pro-Llama-3-8B; architecture=LlamaForCausalLM; max_model_len=8192; dtype=bfloat16; tool_call_parser=hermes; enforce_eager=True,,,,,,NousResearch/Hermes-2-Pro-Llama-3-8B,NousResearch/Hermes-2-Pro-Llama-3-8B,bfloat16,True,hermes,NousResearch/Hermes-2-Pro-Llama-3-8B,vllm,True,127.0.0.1,LlamaForCausalLM,8192,,,,,,,,,,,,,,,,,,,,
Rollout-Qwen2.5-tau2-119144.out,Qwen2.5-tau2,,,model=qwen2.5-7b-instruct; fault=clean; seed=2; range=0 -> 10; domain=retail; agent=llm_agent; user=user_simulator; output=/gpfs/projects/imt526a/group2/agent-reliability/results/qwen2.5-7b-instruct/clean/seed_2,,,,,,,,,,,,,,,,,qwen2.5-7b-instruct,clean,2,0 -> 10,/gpfs/projects/imt526a/group2/agent-reliability/results/qwen2.5-7b-instruct/clean/seed_2,,,retail,Default,All,1,200,10,llm_agent,hosted_vllm/qwen2.5-7b-instruct,user_simulator,o4-mini,,,
Rollout-Qwen2.5-tau2-119147.out,Qwen2.5-tau2,,,model=qwen2.5-7b-instruct; fault=clean; seed=2; range=0 -> 10; domain=retail; agent=llm_agent; user=user_simulator; output=/gpfs/projects/imt526a/group2/agent-reliability/results/qwen2.5-7b-instruct/clean/seed_2,,,,,,,,,,,,,,,,,qwen2.5-7b-instruct,clean,2,0 -> 10,/gpfs/projects/imt526a/group2/agent-reliability/results/qwen2.5-7b-instruct/clean/seed_2,,,retail,Default,All,1,200,10,llm_agent,hosted_vllm/qwen2.5-7b-instruct,user_simulator,o4-mini,,,
qwen3-14b-10-119149.out,qwen3-14b-10,,,domain=retail; agent=llm_agent; user=user_simulator; concurrency=3,,,,,,,,,,,,,,,,,,,,,,,,retail,Default,All,1,200,10,llm_agent,hosted_vllm/Qwen/Qwen3-14B,user_simulator,gpt-4o-mini,Not specified,3,False
vllm-qwen3-14b-119149.log,qwen3-14b,,,served_model_name=Qwen/Qwen3-14B; vllm_model=Qwen/Qwen3-14B; dtype=bfloat16; tool_call_parser=hermes; enforce_eager=True,,,,,,Qwen/Qwen3-14B,Qwen/Qwen3-14B,bfloat16,True,hermes,Qwen/Qwen3-14B,vllm,True,127.0.0.1,,,,,,,,,,,,,,,,,,,,,,
Rollout-Qwen2.5-tau2-119151.out,Qwen2.5-tau2,,,model=qwen2.5-7b-instruct; fault=clean; seed=2; range=0 -> 10; domain=retail; agent=llm_agent; user=user_simulator; output=/gpfs/projects/imt526a/group2/agent-reliability/results/qwen2.5-7b-instruct/clean/seed_2,,,,,,,,,,,,,,,,,qwen2.5-7b-instruct,clean,2,0 -> 10,/gpfs/projects/imt526a/group2/agent-reliability/results/qwen2.5-7b-instruct/clean/seed_2,,,retail,Default,All,1,200,10,llm_agent,hosted_vllm/qwen2.5-7b-instruct,user_simulator,o4-mini,,,
Rollout-Qwen2.5-tau2-119152.out,Qwen2.5-tau2,,,model=qwen2.5-7b-instruct; fault=clean; seed=2; range=0 -> 10; domain=retail; agent=llm_agent; user=user_simulator; output=/gpfs/projects/imt526a/group2/agent-reliability/results/qwen2.5-7b-instruct/clean/seed_2,,,,,,,,,,,,,,,,,qwen2.5-7b-instruct,clean,2,0 -> 10,/gpfs/projects/imt526a/group2/agent-reliability/results/qwen2.5-7b-instruct/clean/seed_2,,,retail,Default,All,1,200,10,llm_agent,hosted_vllm/qwen2.5-7b-instruct,user_simulator,o4-mini,,,
Rollout-Qwen2.5-tau2-119153.out,Qwen2.5-tau2,,,model=qwen2.5-7b-instruct; fault=clean; seed=2; range=0 -> 10; domain=retail; agent=llm_agent; user=user_simulator; output=/gpfs/projects/imt526a/group2/agent-reliability/results/qwen2.5-7b-instruct/clean/seed_2,,,,,,,,,,,,,,,,,qwen2.5-7b-instruct,clean,2,0 -> 10,/gpfs/projects/imt526a/group2/agent-reliability/results/qwen2.5-7b-instruct/clean/seed_2,,,retail,Default,All,1,200,10,llm_agent,hosted_vllm/qwen2.5-7b-instruct,user_simulator,o4-mini,,,
qwen3-14b-10-119159.out,qwen3-14b-10,,,domain=retail; agent=llm_agent; user=user_simulator; concurrency=3,,,,,,,,,,,,,,,,,,,,,,,,retail,Default,All,1,200,10,llm_agent,hosted_vllm/Qwen/Qwen3-14B,user_simulator,gpt-4o-mini,Not specified,3,False
vllm-qwen3-14b-119159.log,qwen3-14b,,,served_model_name=Qwen/Qwen3-14B; vllm_model=Qwen/Qwen3-14B; architecture=Qwen3ForCausalLM; max_model_len=40960; dtype=bfloat16; tool_call_parser=hermes; enforce_eager=True,,,,,,Qwen/Qwen3-14B,Qwen/Qwen3-14B,bfloat16,True,hermes,Qwen/Qwen3-14B,vllm,True,127.0.0.1,Qwen3ForCausalLM,40960,,,,,,,,,,,,,,,,,,,,
Rollout-Qwen2.5-tau2-119160.out,Qwen2.5-tau2,,,model=qwen2.5-7b-instruct; fault=clean; seed=2; range=0 -> 10; output=/gpfs/projects/imt526a/group2/agent-reliability/results/qwen2.5-7b-instruct/clean/seed_2,,,,,,,,,,,,,,,,,qwen2.5-7b-instruct,clean,2,0 -> 10,/gpfs/projects/imt526a/group2/agent-reliability/results/qwen2.5-7b-instruct/clean/seed_2,,,,,,,,,,,,,,,
qwen3-14b-10-119183.out,qwen3-14b-10,,,domain=retail; agent=llm_agent; user=user_simulator; concurrency=3,,,,,,,,,,,,,,,,,,,,,,,,retail,Default,All,1,200,10,llm_agent,hosted_vllm/Qwen/Qwen3-14B,user_simulator,gpt-4o-mini,Not specified,3,False
vllm-qwen3-14b-119183.log,qwen3-14b,,,served_model_name=Qwen/Qwen3-14B; vllm_model=Qwen/Qwen3-14B; architecture=Qwen3ForCausalLM; max_model_len=40960; dtype=bfloat16; tool_call_parser=hermes; enforce_eager=True,,,,,,Qwen/Qwen3-14B,Qwen/Qwen3-14B,bfloat16,True,hermes,Qwen/Qwen3-14B,vllm,True,127.0.0.1,Qwen3ForCausalLM,40960,,,,,,,,,,,,,,,,,,,,
Rollout-Min3-8B-tau2-119219.out,Min3-8B-tau2,,,model=Mixtral-8x7B-Instruct-v0; fault=clean; seed=2; range=0 -> 10; output=/gpfs/projects/imt526a/group2/agent-reliability/results/Mixtral-8x7B-Instruct-v0/clean/seed_2,,,,,,,,,,,,,,,,,Mixtral-8x7B-Instruct-v0,clean,2,0 -> 10,/gpfs/projects/imt526a/group2/agent-reliability/results/Mixtral-8x7B-Instruct-v0/clean/seed_2,,,,,,,,,,,,,,,
qwen3-14b-10-119220.out,qwen3-14b-10,,,domain=retail; agent=llm_agent; user=user_simulator; concurrency=3,,,,,,,,,,,,,,,,,,,,,,,,retail,Default,All,1,200,10,llm_agent,hosted_vllm/Qwen/Qwen3-14B,user_simulator,gpt-4o-mini,Not specified,3,False
vllm-qwen3-14b-119220.log,qwen3-14b,,,served_model_name=Qwen/Qwen3-14B; vllm_model=Qwen/Qwen3-14B; architecture=Qwen3ForCausalLM; max_model_len=40960; dtype=bfloat16; tool_call_parser=hermes; enforce_eager=True,,,,,,Qwen/Qwen3-14B,Qwen/Qwen3-14B,bfloat16,True,hermes,Qwen/Qwen3-14B,vllm,True,127.0.0.1,Qwen3ForCausalLM,40960,,,,,,,,,,,,,,,,,,,,
qwen3-14b-10-119228.out,qwen3-14b-10,,,domain=retail; agent=llm_agent; user=user_simulator; concurrency=1,,,,,,,,,,,,,,,,,,,,,,,,retail,Default,All,1,300,10,llm_agent,hosted_vllm/Qwen/Qwen3-14B,user_simulator,gpt-4o-mini,Not specified,1,False
vllm-qwen3-14b-119228.log,qwen3-14b,,,served_model_name=Qwen/Qwen3-14B; vllm_model=Qwen/Qwen3-14B; architecture=Qwen3ForCausalLM; max_model_len=40960; dtype=bfloat16; tool_call_parser=hermes; enforce_eager=True,,,,,,Qwen/Qwen3-14B,Qwen/Qwen3-14B,bfloat16,True,hermes,Qwen/Qwen3-14B,vllm,True,127.0.0.1,Qwen3ForCausalLM,40960,,,,,,,,,,,,,,,,,,,,
llama31-8b-10-119242.out,llama31-8b-10,,,served_model_name=meta-llama/Llama-3.1-8B-Instruct; vllm_model=meta-llama/Llama-3.1-8B-Instruct; dtype=bfloat16; tool_call_parser=llama3_json; enforce_eager=True,,,,,,meta-llama/Llama-3.1-8B-Instruct,meta-llama/Llama-3.1-8B-Instruct,bfloat16,True,llama3_json,meta-llama/Llama-3.1-8B-Instruct,vllm,True,127.0.0.1,,,,,,,,,,,,,,,,,,,,,,
vllm-llama31-8b-119242.log,llama31-8b,,,served_model_name=meta-llama/Llama-3.1-8B-Instruct; vllm_model=meta-llama/Llama-3.1-8B-Instruct; dtype=bfloat16; tool_call_parser=llama3_json; enforce_eager=True,,,,,,meta-llama/Llama-3.1-8B-Instruct,meta-llama/Llama-3.1-8B-Instruct,bfloat16,True,llama3_json,meta-llama/Llama-3.1-8B-Instruct,vllm,True,127.0.0.1,,,,,,,,,,,,,,,,,,,,,,
llama31-8b-10-119244.out,llama31-8b-10,,,domain=retail; agent=llm_agent; user=user_simulator; concurrency=3,,,,,,,,,,,,,,,,,,,,,,,,retail,Default,All,1,300,10,llm_agent,hosted_vllm/meta-llama/Llama-3.1-8B-Instruct,user_simulator,gpt-4o-mini,Not specified,3,False
vllm-llama31-8b-119244.log,llama31-8b,,,served_model_name=meta-llama/Llama-3.1-8B-Instruct; vllm_model=/gpfs/projects/imt526a/group2/agent-reliability/models/Llama-3.1-8B-Instruct; architecture=LlamaForCausalLM; max_model_len=8192; dtype=bfloat16; tool_call_parser=llama3_json; enforce_eager=True,,,,,,/gpfs/projects/imt526a/group2/agent-reliability/models/Llama-3.1-8B-Instruct,/gpfs/projects/imt526a/group2/agent-reliability/models/Llama-3.1-8B-Instruct,bfloat16,True,llama3_json,meta-llama/Llama-3.1-8B-Instruct,vllm,True,127.0.0.1,LlamaForCausalLM,8192,,,,,,,,,,,,,,,,,,,,
llama31-8b-10-119252.out,llama31-8b-10,,,domain=retail; agent=llm_agent; user=user_simulator; concurrency=3,,,,,,,,,,,,,,,,,,,,,,,,retail,Default,All,1,300,10,llm_agent,hosted_vllm/meta-llama/Llama-3.1-8B-Instruct,user_simulator,gpt-4o-mini,Not specified,3,False
vllm-llama31-8b-119252.log,llama31-8b,,,served_model_name=meta-llama/Llama-3.1-8B-Instruct; vllm_model=/gpfs/projects/imt526a/group2/agent-reliability/models/Llama-3.1-8B-Instruct; architecture=LlamaForCausalLM; max_model_len=8192; dtype=bfloat16; tool_call_parser=llama3_json; enforce_eager=True,,,,,,/gpfs/projects/imt526a/group2/agent-reliability/models/Llama-3.1-8B-Instruct,/gpfs/projects/imt526a/group2/agent-reliability/models/Llama-3.1-8B-Instruct,bfloat16,True,llama3_json,meta-llama/Llama-3.1-8B-Instruct,vllm,True,127.0.0.1,LlamaForCausalLM,8192,,,,,,,,,,,,,,,,,,,,
mistral32-10-119306.out,mistral32-10,,,domain=retail; agent=llm_agent; user=user_simulator; concurrency=3,,,,,,,,,,,,,,,,,,,,,,,,retail,Default,All,1,300,10,llm_agent,hosted_vllm/mistralai/Mistral-Small-3.2-24B-Instruct-2506,user_simulator,gpt-4o-mini,Not specified,3,False
vllm-mistral-small32-24b-119306.log,mistral-small32-24b,,,served_model_name=mistralai/Mistral-Small-3.2-24B-Instruct-2506; vllm_model=mistralai/Mistral-Small-3.2-24B-Instruct-2506; architecture=PixtralForConditionalGeneration; max_model_len=8192; dtype=bfloat16; tool_call_parser=mistral; enforce_eager=True,,,,,,mistralai/Mistral-Small-3.2-24B-Instruct-2506,mistralai/Mistral-Small-3.2-24B-Instruct-2506,bfloat16,True,mistral,mistralai/Mistral-Small-3.2-24B-Instruct-2506,vllm,True,127.0.0.1,PixtralForConditionalGeneration,8192,,,,,,,,,,,,,,,,,,,,
Rollout-Min3-8B-tau2-119308.out,Min3-8B-tau2,,,model=Mixtral-8x7B-Instruct-v0; fault=clean; seed=2; range=0 -> 10; served_model_name=Mixtral-8x7B-Instruct-v0; vllm_model=/gpfs/projects/imt526a/group2/agent-reliability/models/Mixtral-8x7B-Instruct-v0; architecture=MixtralForCausalLM; max_model_len=16384; dtype=bfloat16; tool_call_parser=hermes; output=/gpfs/projects/imt526a/group2/agent-reliability/results/Mixtral-8x7B-Instruct-v0/clean/seed_2,,,,,,/gpfs/projects/imt526a/group2/agent-reliability/models/Mixtral-8x7B-Instruct-v0,/gpfs/projects/imt526a/group2/agent-reliability/models/Mixtral-8x7B-Instruct-v0,bfloat16,,hermes,Mixtral-8x7B-Instruct-v0,,True,127.0.0.1,MixtralForCausalLM,16384,Mixtral-8x7B-Instruct-v0,clean,2,0 -> 10,/gpfs/projects/imt526a/group2/agent-reliability/results/Mixtral-8x7B-Instruct-v0/clean/seed_2,,,,,,,,,,,,,,,
mistral32-10-119320.out,mistral32-10,,,domain=retail; agent=llm_agent; user=user_simulator; concurrency=3,,,,,,,,,,,,,,,,,,,,,,,,retail,Default,All,1,300,10,llm_agent,hosted_vllm/mistralai/Mistral-Small-3.2-24B-Instruct-2506,user_simulator,gpt-4o-mini,Not specified,3,False
vllm-mistral-small32-24b-119320.log,mistral-small32-24b,,,served_model_name=mistralai/Mistral-Small-3.2-24B-Instruct-2506; vllm_model=mistralai/Mistral-Small-3.2-24B-Instruct-2506; architecture=PixtralForConditionalGeneration; max_model_len=8192; dtype=bfloat16; tool_call_parser=mistral; enforce_eager=True,,,,,,mistralai/Mistral-Small-3.2-24B-Instruct-2506,mistralai/Mistral-Small-3.2-24B-Instruct-2506,bfloat16,True,mistral,mistralai/Mistral-Small-3.2-24B-Instruct-2506,vllm,True,127.0.0.1,PixtralForConditionalGeneration,8192,,,,,,,,,,,,,,,,,,,,
llama31-8b-10-119321.out,llama31-8b-10,,,domain=retail; agent=llm_agent; user=user_simulator; concurrency=3,,,,,,,,,,,,,,,,,,,,,,,,retail,Default,All,1,300,10,llm_agent,hosted_vllm/meta-llama/Llama-3.1-8B-Instruct,user_simulator,gpt-4o-mini,Not specified,3,False
vllm-llama31-8b-119321.log,llama31-8b,,,served_model_name=meta-llama/Llama-3.1-8B-Instruct; vllm_model=/gpfs/projects/imt526a/group2/agent-reliability/models/Llama-3.1-8B-Instruct; architecture=LlamaForCausalLM; max_model_len=8192; dtype=bfloat16; tool_call_parser=llama3_json; enforce_eager=True,,,,,,/gpfs/projects/imt526a/group2/agent-reliability/models/Llama-3.1-8B-Instruct,/gpfs/projects/imt526a/group2/agent-reliability/models/Llama-3.1-8B-Instruct,bfloat16,True,llama3_json,meta-llama/Llama-3.1-8B-Instruct,vllm,True,127.0.0.1,LlamaForCausalLM,8192,,,,,,,,,,,,,,,,,,,,
Rollout-Min3-8B-tau2-119327.out,Min3-8B-tau2,,,model=Mixtral-8x7B-Instruct-v0; fault=clean; seed=2; range=0 -> 10; domain=retail; agent=llm_agent; user=user_simulator; output=/gpfs/projects/imt526a/group2/agent-reliability/results/Mixtral-8x7B-Instruct-v0/clean/seed_2,,,,,,,,,,,,,,,,,Mixtral-8x7B-Instruct-v0,clean,2,0 -> 10,/gpfs/projects/imt526a/group2/agent-reliability/results/Mixtral-8x7B-Instruct-v0/clean/seed_2,,,retail,Default,All,1,200,10,llm_agent,hosted_vllm/Mixtral-8x7B-Instruct-v0,user_simulator,o4-mini,,,
Rollout-Min3-8B-tau2-119423.out,Min3-8B-tau2,,,model=Mixtral-8x7B-Instruct-v0; fault=clean; seed=2; range=0 -> 10; output=/gpfs/projects/imt526a/group2/agent-reliability/results/Mixtral-8x7B-Instruct-v0/clean/seed_2,,,,,,,,,,,,,,,,,Mixtral-8x7B-Instruct-v0,clean,2,0 -> 10,/gpfs/projects/imt526a/group2/agent-reliability/results/Mixtral-8x7B-Instruct-v0/clean/seed_2,,,,,,,,,,,,,,,
Rollout-Min3-8B-tau2-119430.out,Min3-8B-tau2,,,model=Mixtral-8x7B-Instruct-v0; fault=clean; seed=2; range=0 -> 10; output=/gpfs/projects/imt526a/group2/agent-reliability/results/Mixtral-8x7B-Instruct-v0/clean/seed_2,,,,,,,,,,,,,,,,,Mixtral-8x7B-Instruct-v0,clean,2,0 -> 10,/gpfs/projects/imt526a/group2/agent-reliability/results/Mixtral-8x7B-Instruct-v0/clean/seed_2,,,,,,,,,,,,,,,
Rollout-Min3-8B-tau2-119512.out,Min3-8B-tau2,,,model=Mixtral-8x7B-Instruct-v0; fault=clean; seed=2; range=0 -> 10; domain=retail; agent=llm_agent; user=user_simulator; output=/gpfs/projects/imt526a/group2/agent-reliability/results/Mixtral-8x7B-Instruct-v0/clean/seed_2,,,,,,,,,,,,,,,,,Mixtral-8x7B-Instruct-v0,clean,2,0 -> 10,/gpfs/projects/imt526a/group2/agent-reliability/results/Mixtral-8x7B-Instruct-v0/clean/seed_2,,,retail,Default,All,1,200,10,llm_agent,hosted_vllm/Mixtral-8x7B-Instruct-v0,user_simulator,o4-mini,,,
Rollout-Min3-8B-tau2-119513.out,Min3-8B-tau2,,,model=Mixtral-8x7B-Instruct-v0; fault=clean; seed=2; range=0 -> 10; domain=retail; agent=llm_agent; user=user_simulator; output=/gpfs/projects/imt526a/group2/agent-reliability/results/Mixtral-8x7B-Instruct-v0/clean/seed_2,,,,,,,,,,,,,,,,,Mixtral-8x7B-Instruct-v0,clean,2,0 -> 10,/gpfs/projects/imt526a/group2/agent-reliability/results/Mixtral-8x7B-Instruct-v0/clean/seed_2,,,retail,Default,All,1,200,10,llm_agent,hosted_vllm/Mixtral-8x7B-Instruct-v0,user_simulator,o4-mini,,,
Rollout-Qwen2.5-tau2-119520.out,Qwen2.5-tau2,,,model=Qwen3-8B; fault=clean; seed=3; range=0 -> 9; served_model_name=Qwen/Qwen3-14B; vllm_model=Qwen/Qwen3-14B; architecture=Qwen3ForCausalLM; max_model_len=40960; dtype=bfloat16; tool_call_parser=hermes; enforce_eager=True; output=/gpfs/projects/imt526a/group2/agent-reliability/results/Qwen3-8B/clean/seed_3,,,,,,Qwen/Qwen3-14B,Qwen/Qwen3-14B,bfloat16,True,hermes,Qwen/Qwen3-14B,vllm,True,127.0.0.1,Qwen3ForCausalLM,40960,Qwen3-8B,clean,3,0 -> 9,/gpfs/projects/imt526a/group2/agent-reliability/results/Qwen3-8B/clean/seed_3,,,,,,,,,,,,,,,
